track_id,0,1,2,3,4,5,6,7,8,9,10,11,12,13,14,15,16,17,18,19,20,21,22,23,24,25,26,27,28,29,30,31
1vrMGV0cxKxujjkhKiFMUe,-168.87815856933594,149.07264709472656,21.77625274658203,26.428905487060547,7.036611557006836,13.988304138183594,-7.050924301147461,9.281805038452148,-4.899842262268066,5.740731716156006,-4.957855701446533,0.7645020484924316,-6.029598236083984,5.039819717407227,-3.7370760440826416,3.559558391571045,-183.80018615722656,144.13400268554688,21.698110580444336,25.900516510009766,6.745059490203857,13.443634033203125,-7.729263782501221,9.39611530303955,-5.355381965637207,5.343457221984863,-4.884625434875488,0.623323917388916,-6.16246223449707,5.175551891326904,-3.4741158485412598,3.4818999767303467
1vtQLXxSIr0A4Pfs9VGqxk,-141.92787170410156,104.62326049804688,-13.809747695922852,23.729591369628906,-5.454808712005615,3.934413194656372,-17.89777946472168,2.7652392387390137,-19.37482452392578,-1.1037468910217285,-15.45773696899414,-2.8982772827148438,-12.6904296875,2.0831398963928223,-7.711353302001953,-2.6607704162597656,-153.3536376953125,103.82029724121094,-14.127267837524414,23.913562774658203,-6.07670259475708,3.8451030254364014,-18.366474151611328,3.5985798835754395,-20.127872467041016,-1.4482183456420898,-15.359254837036133,-2.7840657234191895,-12.672614097595215,2.0349626541137695,-7.431748390197754,-2.6913840770721436
1VUGWjzlqudhTqvhc17miB,-65.68550872802734,107.92851257324219,-6.070539474487305,24.247661590576172,-4.453580856323242,17.09768295288086,-5.910974502563477,14.199185371398926,-4.005401134490967,8.870491981506348,-7.7489447593688965,14.327091217041016,-6.586941719055176,8.949281692504883,-5.555743217468262,9.180370330810547,-71.58251190185547,105.1038818359375,-4.4906487464904785,23.968517303466797,-3.7355008125305176,16.626203536987305,-6.700347423553467,13.305500984191895,-4.634307384490967,7.919793605804443,-8.088497161865234,13.877119064331055,-7.292703151702881,8.440471649169922,-5.6622314453125,9.27744197845459
1wwR242udYdQC4ggSSB5oe,-96.21089935302734,123.91912841796875,-13.37773323059082,35.899574279785156,-2.98972487449646,15.094671249389648,-13.977313995361328,9.27757453918457,-7.679050445556641,9.845185279846191,-3.821824789047241,9.846145629882812,-10.020462036132812,-1.665198564529419,-13.68423080444336,7.898565292358398,-121.20499420166016,122.27421569824219,-13.642281532287598,35.08634567260742,-2.6001980304718018,14.587247848510742,-12.96258544921875,9.191157341003418,-7.27698278427124,8.908537864685059,-3.2532575130462646,9.431902885437012,-9.649590492248535,-2.531559467315674,-13.214781761169434,8.227883338928223
1vV2FBKYvu6sJDqzSCNgbI,-103.63190460205078,116.45497131347656,-0.16248001158237457,34.81728744506836,6.409920692443848,14.213139533996582,-5.376309394836426,8.498373985290527,-13.60295581817627,8.875005722045898,-11.483404159545898,8.457376480102539,-6.798702716827393,5.995533466339111,-6.646257400512695,5.856135368347168,-120.72625732421875,114.53443145751953,2.142458200454712,34.11913299560547,5.7317280769348145,13.256285667419434,-4.987783432006836,7.709388732910156,-13.80727767944336,8.141221046447754,-11.188488006591797,8.035985946655273,-6.782212734222412,5.709587097167969,-6.415750503540039,5.376391410827637
1vvfDEK6OeGQrYwQF9bVSO,-124.31328582763672,74.32171630859375,-10.949491500854492,31.07306671142578,-6.543693542480469,25.67116928100586,-6.844193458557129,12.625036239624023,-9.510403633117676,11.822173118591309,-7.332571029663086,9.793157577514648,-8.720550537109375,5.300666809082031,-9.577326774597168,7.044272422790527,-148.749755859375,72.95545196533203,-10.886479377746582,32.257041931152344,-6.321200847625732,24.267620086669922,-6.4268269538879395,11.69730281829834,-9.485499382019043,11.570328712463379,-7.311979293823242,9.653940200805664,-8.81432819366455,5.355401992797852,-9.456513404846191,7.555703639984131
1vVm7saDXHk99SU5BFUDpp,-16.44468879699707,93.89810180664062,-4.185094833374023,36.8218994140625,0.7478680610656738,21.45360565185547,-9.884746551513672,16.892702102661133,-9.150225639343262,13.361787796020508,-8.289566040039062,11.205142974853516,-7.194639682769775,9.978450775146484,-8.030388832092285,5.841802597045898,-40.90546417236328,95.4223861694336,-4.296571731567383,35.29142379760742,1.1311933994293213,20.14003562927246,-10.567193031311035,15.627583503723145,-9.85838794708252,12.044624328613281,-8.755447387695312,10.357919692993164,-7.6911139488220215,8.820882797241211,-8.111956596374512,4.9570183753967285
1vvNmPOiUuyCbgWmtc6yfm,-11.211979866027832,104.72247314453125,-10.900500297546387,22.770845413208008,-1.6555455923080444,17.698564529418945,-6.4842329025268555,13.345772743225098,-6.693422317504883,13.335166931152344,-4.5041399002075195,13.357925415039062,-8.899995803833008,8.759988784790039,-10.294693946838379,9.056018829345703,-31.142711639404297,105.18437957763672,-10.963027954101562,21.471729278564453,-2.3285491466522217,16.78715705871582,-7.805142879486084,11.548035621643066,-5.803908824920654,11.5114107131958,-4.994414806365967,13.112549781799316,-8.441062927246094,8.759466171264648,-9.560408592224121,8.990427017211914
1VvsWao3Tx3QjkWgr6sTaO,-134.18505859375,86.61212158203125,8.555877685546875,34.856746673583984,2.2808196544647217,26.237808227539062,-4.0628204345703125,19.77465057373047,-4.95408821105957,15.789278984069824,-1.1509824991226196,14.744308471679688,-2.272582530975342,11.876206398010254,-2.1156301498413086,12.158315658569336,-150.64686584472656,82.67643737792969,8.197370529174805,36.67359161376953,1.876828670501709,25.562183380126953,-3.9285457134246826,19.958141326904297,-5.055822372436523,15.960880279541016,-1.0628609657287598,14.624472618103027,-2.064317464828491,11.984362602233887,-1.9897141456604004,12.172595977783203
1vxu8vMNshg5J8z3oA7QJZ,-32.94975662231445,75.8263931274414,-26.313440322875977,63.76074981689453,4.525143623352051,19.24135398864746,-3.609369993209839,15.887201309204102,-6.016415119171143,12.18326473236084,-7.291571140289307,9.442122459411621,-8.405303955078125,4.645275592803955,-8.25760555267334,5.274504661560059,-66.41281127929688,77.82017517089844,-26.22633934020996,61.838497161865234,3.4107017517089844,19.312299728393555,-3.239448070526123,14.553918838500977,-5.769577503204346,10.45113468170166,-7.021430969238281,8.469992637634277,-7.997410774230957,4.289435863494873,-7.769762992858887,4.99009895324707
1vxw6aYJls2oq3gW0DujAo,-83.47283172607422,107.05986022949219,6.659728050231934,48.683067321777344,-5.4744133949279785,30.23687744140625,-2.7055187225341797,18.413942337036133,-4.53274393081665,6.62237548828125,-8.11767292022705,6.546701431274414,-7.240840911865234,2.612257242202759,-5.060574531555176,4.71651554107666,-94.72652435302734,106.5241470336914,8.804584503173828,49.333927154541016,-3.834099292755127,30.689373016357422,-2.8388891220092773,18.39921760559082,-4.685644626617432,5.3084588050842285,-8.08093547821045,6.333645343780518,-7.344869613647461,2.749422550201416,-4.919905185699463,4.909768104553223
1VynpqrTbP74RZVIFeKFcJ,-48.3580207824707,95.75636291503906,-13.116737365722656,30.591402053833008,-0.8271912336349487,19.483932495117188,1.7780497074127197,15.440110206604004,-0.2688526213169098,21.70647430419922,-4.536552906036377,15.041862487792969,-4.458433151245117,12.066883087158203,-2.920471668243408,10.292926788330078,-64.13924407958984,97.56797790527344,-11.972721099853516,29.729021072387695,1.5640660524368286,17.115798950195312,1.722474217414856,14.792463302612305,-0.5466622114181519,20.581966400146484,-6.056175708770752,14.705812454223633,-4.864201545715332,12.15967845916748,-2.8578102588653564,10.705469131469727
1VyoSDW7fP7ud2z0YpL9u8,-79.6856460571289,122.2547378540039,7.555870056152344,33.76512145996094,12.268545150756836,17.19580078125,-10.904319763183594,10.434118270874023,-13.805207252502441,7.103211879730225,-9.342395782470703,1.9119632244110107,-11.707687377929688,4.80510139465332,-7.643594741821289,5.1988677978515625,-96.72420501708984,119.81182098388672,12.758877754211426,33.40895462036133,11.963702201843262,16.357248306274414,-10.244879722595215,9.560027122497559,-14.380897521972656,6.393100261688232,-9.477472305297852,2.2695298194885254,-11.870978355407715,4.355801582336426,-7.918849945068359,4.899982452392578
1vYP1P0mj1KlRrlpnm7LgA,-37.55844497680664,127.56993865966797,-7.493113994598389,29.897319793701172,-4.576997756958008,14.809870719909668,-11.001829147338867,12.736233711242676,-9.57179069519043,9.403146743774414,-9.255626678466797,5.955795764923096,-7.441572666168213,7.583816051483154,-5.781676769256592,4.272839546203613,-52.04104995727539,130.74000549316406,-6.317533016204834,29.28318214416504,-3.8130619525909424,14.752126693725586,-9.906380653381348,12.399709701538086,-9.270914077758789,9.162036895751953,-8.852523803710938,5.5658979415893555,-7.4860100746154785,7.515890598297119,-5.620319366455078,4.554553031921387
1VYSeEuL487kHNJe2MHePS,-66.97492218017578,87.387939453125,-0.5571240782737732,30.623594284057617,-6.838057994842529,21.02797508239746,-8.608073234558105,15.356819152832031,-7.355594635009766,14.0208158493042,-8.644357681274414,9.822641372680664,-4.6284966468811035,8.493602752685547,-3.28222918510437,10.265908241271973,-73.93106079101562,86.65274047851562,1.9006224870681763,30.9848690032959,-6.639449119567871,20.219858169555664,-8.74260139465332,14.769638061523438,-6.573703765869141,13.44882583618164,-8.408045768737793,9.501479148864746,-4.123844623565674,8.292009353637695,-2.3992176055908203,10.451865196228027
1vZEnDUseI4y5aAyTHwOdc,-69.67240905761719,107.365234375,-7.7656731605529785,29.184614181518555,-3.21863055229187,15.034671783447266,-6.477311134338379,12.02383804321289,-10.629586219787598,12.454550743103027,-10.547503471374512,6.292315483093262,-6.249573707580566,4.589228630065918,-6.98446798324585,4.499092102050781,-89.81610870361328,109.57369995117188,-5.951961517333984,28.935359954833984,-2.4835102558135986,14.030752182006836,-6.691969871520996,10.824068069458008,-10.574695587158203,12.049464225769043,-10.312235832214355,6.2610697746276855,-6.485098361968994,4.014990329742432,-6.3722052574157715,4.731811046600342
1vZqSAWEKH4Aby3Z9nJ1Ln,-120.09537506103516,122.65003967285156,0.0,32.54707336425781,3.192228317260742,23.8409423828125,-2.8939924240112305,13.798189163208008,-9.132247924804688,10.432092666625977,-6.380893230438232,6.2044148445129395,-5.380748748779297,3.027204751968384,-4.525094985961914,3.7185699939727783,-138.09774780273438,123.23028564453125,1.144938349723816,30.75346565246582,3.890949249267578,21.99826431274414,-2.492658853530884,12.448200225830078,-8.956042289733887,9.194863319396973,-6.220917701721191,5.58648681640625,-5.481987476348877,3.053849458694458,-4.515321254730225,3.082240581512451
1W0DtbgeAM61FfLnyHjrbQ,19.875730514526367,89.59406280517578,-4.491934776306152,29.30698013305664,-6.371547222137451,23.942779541015625,-13.742748260498047,18.331525802612305,-6.796645641326904,18.374080657958984,-6.938442230224609,14.83134651184082,-8.39552116394043,9.699962615966797,-7.329611778259277,8.515508651733398,-6.296234607696533,89.24867248535156,-4.216551780700684,28.000696182250977,-5.71082067489624,23.16771697998047,-13.606696128845215,17.276081085205078,-6.856776237487793,17.78081703186035,-6.635133743286133,14.127056121826172,-7.833794116973877,9.708237648010254,-6.976407051086426,8.308369636535645
1w0hboEMff54kez5XXyRNP,-55.236629486083984,127.1210708618164,-16.553695678710938,20.020965576171875,-4.5878753662109375,10.425504684448242,-14.226513862609863,13.067889213562012,-13.13508415222168,9.002679824829102,-7.55362606048584,5.675886154174805,-9.077012062072754,2.279078722000122,-7.905845642089844,4.148451805114746,-77.14891052246094,124.95532989501953,-15.991016387939453,18.82667350769043,-3.6825573444366455,8.205796241760254,-15.684536933898926,10.329575538635254,-13.75279426574707,7.270438194274902,-8.108109474182129,4.310080051422119,-9.233688354492188,0.6863167881965637,-7.389883995056152,3.243194580078125
1W0VrxYy1cCuaKe2ZplvMt,-82.42357635498047,62.87574005126953,2.2873616218566895,32.577178955078125,0.8525117635726929,17.292953491210938,-2.8028085231781006,15.451043128967285,-10.248119354248047,17.193815231323242,-12.724417686462402,15.852701187133789,-9.012210845947266,10.92685317993164,-4.659795761108398,6.327020645141602,-91.21424102783203,60.6788215637207,3.4757676124572754,31.575349807739258,2.4049277305603027,13.948776245117188,-2.6151490211486816,14.16431999206543,-9.96950626373291,16.831947326660156,-13.43134880065918,15.452249526977539,-9.09885025024414,10.82534122467041,-4.546351909637451,6.4958014488220215
1W1GpfPujmgp2vQqcpUhtU,-57.21596908569336,118.10649108886719,-18.57180404663086,29.023027420043945,-13.30078125,13.991687774658203,-8.612113952636719,20.131607055664062,-4.839892387390137,8.826763153076172,-12.533641815185547,8.238813400268555,-8.71798324584961,1.9719364643096924,-9.947883605957031,4.246724605560303,-93.35182189941406,123.31367492675781,-19.581493377685547,21.79619026184082,-11.62108039855957,11.643216133117676,-8.442761421203613,17.513763427734375,-5.220968723297119,7.010560512542725,-12.122841835021973,6.811887264251709,-8.441299438476562,1.4550886154174805,-9.56014633178711,3.9564740657806396
1w29UTa5uUvIri2tWtZ12Y,-139.69650268554688,104.88401794433594,3.8279762268066406,34.220436096191406,-6.4867377281188965,19.649633407592773,-8.018706321716309,15.18787956237793,-8.506586074829102,9.351240158081055,-6.495630741119385,13.103555679321289,-4.310606002807617,11.135843276977539,-6.748297214508057,9.410039901733398,-160.92605590820312,103.53116607666016,4.9844651222229,34.629852294921875,-5.251410961151123,19.34140396118164,-8.884336471557617,15.34680461883545,-9.104016304016113,9.716605186462402,-6.085926532745361,13.02540111541748,-4.166427135467529,11.789163589477539,-6.583845615386963,9.158530235290527
1W3PmIlBplo5X5T67yLmY5,-97.31025695800781,100.87905883789062,-9.79995346069336,24.727861404418945,-8.321359634399414,1.5182346105575562,-12.433120727539062,8.48038387298584,-7.745450973510742,15.916878700256348,-5.548032760620117,8.896774291992188,-8.328278541564941,7.423662185668945,-5.388677597045898,3.583521842956543,-114.04593658447266,98.90013885498047,-7.3182806968688965,23.920114517211914,-8.697428703308105,0.7846077680587769,-11.042152404785156,8.87736988067627,-7.893187999725342,15.82585620880127,-5.802730560302734,7.380202770233154,-8.377686500549316,7.499748706817627,-4.38222074508667,3.627309799194336
1w3wuuSAq0F5nZuhsU4xiY,-66.20724487304688,115.33305358886719,-3.0293660163879395,22.478973388671875,1.060054898262024,15.215715408325195,-16.01580047607422,6.585921287536621,-14.698888778686523,8.615983963012695,-7.154135704040527,5.497164726257324,-7.273629665374756,8.669538497924805,-7.503198623657227,5.971492290496826,-80.69791412353516,116.50123596191406,-5.035568714141846,22.92290687561035,2.0353140830993652,13.44904613494873,-16.127086639404297,5.219130992889404,-15.402900695800781,8.04038143157959,-6.6998372077941895,4.312224388122559,-7.779778003692627,7.757487773895264,-7.422849178314209,5.735247611999512
1w3XQHyd4stGaZmIlBU3cr,25.666635513305664,98.50685119628906,-34.864139556884766,39.369590759277344,-6.649798393249512,19.33304214477539,-8.088298797607422,19.37590217590332,-10.303199768066406,14.208697319030762,-6.463829517364502,12.786750793457031,-10.704219818115234,7.096513748168945,-9.699073791503906,6.532341480255127,4.682430744171143,96.41588592529297,-33.47285842895508,38.276458740234375,-7.178418159484863,19.19943618774414,-8.316091537475586,19.166820526123047,-9.988618850708008,13.833853721618652,-6.4627299308776855,12.619850158691406,-10.463018417358398,6.947564125061035,-9.596555709838867,6.746973037719727
1w59KTZidiW3NN0FA7xVGZ,-4.367646217346191,91.15945434570312,-8.634687423706055,22.915071487426758,-5.578843116760254,24.415475845336914,-10.59621810913086,11.801895141601562,-9.785187721252441,13.31315803527832,-8.055943489074707,14.474503517150879,-5.861665725708008,10.51919937133789,-3.8553595542907715,12.613195419311523,-23.89470863342285,94.55514526367188,-6.7785139083862305,22.122438430786133,-4.744088172912598,22.850561141967773,-10.840179443359375,11.102787971496582,-9.823208808898926,12.269790649414062,-7.106834411621094,13.939986228942871,-5.58406400680542,9.277459144592285,-3.7529993057250977,12.152441024780273
1w5sLDYzYAGI0AkLc6FPlO,-96.9923095703125,87.45834350585938,17.313583374023438,31.90376853942871,-4.055668354034424,19.53959083557129,-9.220576286315918,17.11493682861328,-1.9416983127593994,17.923259735107422,-1.7357659339904785,15.319660186767578,-3.557495594024658,8.891324043273926,-5.295175552368164,6.834949493408203,-104.8498764038086,88.27169799804688,15.81852912902832,29.922836303710938,-5.410702705383301,17.972126007080078,-9.094438552856445,15.870428085327148,-1.9419080018997192,17.70634651184082,-1.7761240005493164,14.099337577819824,-3.979877233505249,7.510937213897705,-5.0123491287231445,6.237954616546631
1W5Z5qzqGVqfVLfgo2JdHi,-150.97003173828125,128.0763397216797,0.0,6.315187454223633,-14.975561141967773,-5.718245029449463,-19.683128356933594,1.6638232469558716,-7.213750839233398,1.4453773498535156,-9.115421295166016,0.8064010143280029,-7.080859661102295,3.1967153549194336,-0.8227173089981079,1.2574970722198486,-158.8494110107422,125.4074478149414,-0.013504299335181713,10.157607078552246,-15.21899127960205,-5.602000713348389,-20.714189529418945,1.6906661987304688,-7.112029552459717,1.1795423030853271,-9.119571685791016,0.8374893665313721,-6.505964279174805,3.488030433654785,-0.5361661911010742,1.551923394203186
1W7ZNYKcYjacT95mAVR6cS,-50.03972625732422,80.14414978027344,-0.6371167898178101,34.10463333129883,-4.4593048095703125,13.866707801818848,-9.392362594604492,10.838693618774414,-11.07109260559082,9.68702507019043,-12.41619873046875,7.051248550415039,-10.981853485107422,10.076582908630371,-8.777725219726562,12.839900970458984,-72.40119171142578,81.89353942871094,-3.6638736724853516,31.465057373046875,-6.3847198486328125,8.84992504119873,-10.56428337097168,6.491124629974365,-11.95506763458252,7.093865394592285,-13.17284107208252,4.5611491203308105,-11.062520980834961,9.962493896484375,-9.046653747558594,12.612767219543457
1wa0Tm0MFcIpSdzILgQnmm,-63.73542022705078,94.8968734741211,7.2049055099487305,19.275949478149414,-12.38450813293457,14.901680946350098,-16.150737762451172,16.454666137695312,-9.814538955688477,14.786598205566406,-8.856160163879395,13.630870819091797,-8.47126579284668,8.391340255737305,-9.686701774597168,5.774889945983887,-81.4716567993164,92.84517669677734,9.363061904907227,18.919126510620117,-11.716054916381836,15.107772827148438,-15.89577865600586,16.09110450744629,-9.834485054016113,15.021825790405273,-8.694680213928223,13.365601539611816,-8.224440574645996,8.4968843460083,-8.95186996459961,5.955026626586914
1wAq7CInaae6yHECWWfPVz,-112.79006958007812,87.79861450195312,-1.901534080505371,41.40819549560547,-4.276456356048584,2.1198410987854004,-5.214049816131592,6.419957637786865,-15.209416389465332,12.21289348602295,-9.91745662689209,9.714353561401367,-7.329010009765625,5.74904727935791,-2.833834409713745,9.20378589630127,-126.06179809570312,88.47958374023438,-4.744085788726807,41.00444412231445,-4.471878528594971,1.34998619556427,-5.508197784423828,5.457273006439209,-16.59029197692871,11.336058616638184,-9.580305099487305,9.403367042541504,-7.576335906982422,5.129574775695801,-3.366504669189453,9.260780334472656
1waTVUMM4yAMG09Z1kw9LU,-37.524879455566406,82.37831115722656,-4.700374126434326,25.71100616455078,-5.343985080718994,22.68944549560547,-7.164409637451172,11.46104907989502,-11.531147003173828,12.168977737426758,-8.524553298950195,9.07778263092041,-12.994123458862305,8.701525688171387,-9.687634468078613,5.062666893005371,-46.0115966796875,79.57792663574219,-7.336318492889404,25.127805709838867,-6.875914573669434,20.93178367614746,-6.819648742675781,10.399567604064941,-11.478285789489746,11.564580917358398,-9.053497314453125,8.164917945861816,-13.295539855957031,7.698439121246338,-9.948186874389648,4.665118217468262
1WHbTjO9WZChMmQdKwmWAC,-29.402633666992188,104.99888610839844,-16.147441864013672,32.61735916137695,-3.5700700283050537,18.152175903320312,-6.227043628692627,14.960359573364258,-7.720221996307373,10.755971908569336,-10.16057014465332,9.615547180175781,-8.310009002685547,5.548686981201172,-6.892708778381348,5.415112018585205,-53.92226028442383,107.2868881225586,-17.901748657226562,30.479965209960938,-2.6515860557556152,16.961605072021484,-6.044976234436035,14.190206527709961,-7.462497234344482,10.555870056152344,-9.781023025512695,9.01838493347168,-8.318428993225098,4.964091777801514,-6.606398105621338,4.972454071044922
1wb7Mqon4o1ViLjaLV9f8U,-79.31103515625,115.36859893798828,-4.704573631286621,13.07581901550293,-12.431671142578125,9.934356689453125,-7.811394214630127,3.708920955657959,-7.679854393005371,9.297489166259766,-2.8686201572418213,8.430194854736328,-6.584409713745117,2.552086591720581,-2.3724942207336426,1.8362982273101807,-109.39542388916016,114.68470001220703,-2.0884950160980225,11.013148307800293,-14.138734817504883,7.230658054351807,-8.16064739227295,3.205190658569336,-8.246333122253418,9.042925834655762,-4.01668119430542,7.0824995040893555,-7.027954578399658,2.3537166118621826,-2.192006826400757,1.7120869159698486
1WbMAxHieH1wOCg5WVav9n,-18.646381378173828,92.11820983886719,-22.72233009338379,33.99977493286133,-15.564420700073242,21.284950256347656,-8.52284049987793,8.82780647277832,-9.562273979187012,13.802096366882324,-9.319408416748047,10.409259796142578,-14.055411338806152,-0.2839602828025818,-12.724708557128906,2.644857406616211,-41.56882858276367,94.71060180664062,-21.860889434814453,31.87417221069336,-15.404598236083984,20.220781326293945,-9.407559394836426,8.7052583694458,-9.834169387817383,12.961158752441406,-9.060349464416504,10.183548927307129,-13.54385757446289,-0.43571245670318604,-12.362384796142578,2.5028529167175293
1wbUqPb4FPoZ9GPdMyu5Wo,28.97828483581543,89.97367858886719,-13.911953926086426,27.205835342407227,-4.420932769775391,22.333206176757812,-8.483695983886719,17.791675567626953,-8.667516708374023,14.977733612060547,-8.2330322265625,11.25828742980957,-8.652408599853516,7.8548126220703125,-6.814714431762695,9.308006286621094,-3.5853793621063232,98.44271850585938,-13.501927375793457,26.24209213256836,-3.6801414489746094,21.308025360107422,-8.069914817810059,16.682035446166992,-8.3201904296875,14.604348182678223,-7.756350994110107,10.739517211914062,-7.802257537841797,7.968355178833008,-6.562687873840332,8.942533493041992
1WbXIpiGBJkCiv3hn40iPB,-86.49854278564453,90.28258514404297,14.304442405700684,20.638668060302734,3.874749183654785,13.148560523986816,-13.35205078125,15.525896072387695,-11.97818660736084,18.608074188232422,-11.758148193359375,8.498613357543945,-11.118741035461426,8.754363059997559,-10.94627571105957,5.535295009613037,-110.67576599121094,93.8728256225586,13.705437660217285,20.677024841308594,4.640883445739746,13.291094779968262,-13.074275016784668,14.950217247009277,-12.013375282287598,16.9354248046875,-12.063584327697754,7.6868462562561035,-11.56871223449707,7.842645168304443,-10.848337173461914,5.131962299346924
1WkMMavIMc4JZ8cfMmxHkI,-22.197694778442383,82.57241821289062,-11.273519515991211,28.670146942138672,1.6209534406661987,18.72071075439453,-14.508182525634766,14.518152236938477,-11.28183364868164,12.321293830871582,-7.993372917175293,12.272687911987305,-9.072052955627441,11.908690452575684,-9.564952850341797,4.804274559020996,-40.97422409057617,86.34224700927734,-10.676411628723145,26.69436264038086,0.32128292322158813,17.776884078979492,-14.647149085998535,13.335789680480957,-11.716036796569824,11.311063766479492,-8.021441459655762,11.190394401550293,-8.82430362701416,11.699950218200684,-9.439162254333496,4.443258285522461
1wcoDQxo1D3cUVS0JdCeWQ,-91.75060272216797,108.654541015625,7.6692352294921875,33.66460037231445,4.724040985107422,13.598501205444336,-8.000044822692871,14.324567794799805,-10.070865631103516,5.572292804718018,-9.060161590576172,7.424491882324219,-7.6847686767578125,3.642362594604492,-7.504940032958984,1.4277613162994385,-121.28842163085938,104.46765899658203,10.574618339538574,33.240020751953125,5.599790573120117,12.336236953735352,-8.190905570983887,14.3003568649292,-10.391417503356934,5.629340171813965,-9.023503303527832,7.300607204437256,-7.930334568023682,3.047887086868286,-7.578517436981201,1.4401395320892334
1wEMvsq4HOuanwbdn4zEnc,-135.14776611328125,107.76325988769531,-11.660038948059082,32.910736083984375,-3.2027807235717773,17.18309211730957,-8.66379165649414,12.740898132324219,-9.76181411743164,6.398536682128906,-3.888319492340088,7.331140518188477,-10.637009620666504,3.691138744354248,-7.715750694274902,4.086369514465332,-173.13705444335938,100.52799987792969,-11.59997272491455,30.014286041259766,-4.1925859451293945,15.323713302612305,-9.361360549926758,11.526403427124023,-10.104629516601562,5.975945472717285,-3.9577057361602783,7.089481830596924,-10.46760368347168,3.5986807346343994,-7.714609622955322,3.9894235134124756
1wF2QB0bAAYQdPUIn0L0VE,-103.2596435546875,93.84342956542969,-11.74456787109375,30.881425857543945,-4.790575981140137,16.003610610961914,-1.0746064186096191,5.163486003875732,-6.044398307800293,-0.7358790636062622,-19.582210540771484,1.7904795408248901,-16.42530059814453,4.338515281677246,-15.645965576171875,3.007964611053467,-126.88842010498047,92.65550994873047,-7.820802688598633,32.63734436035156,-3.808840274810791,14.041352272033691,0.15488626062870026,3.6629209518432617,-4.409473896026611,-1.5519485473632812,-18.307931900024414,1.7393453121185303,-16.862293243408203,4.687389850616455,-16.336702346801758,3.7805936336517334
1wFRkVclQWfMQQcaVLjmBE,12.880781173706055,66.32473754882812,-30.48580551147461,34.10612869262695,6.920504093170166,13.032289505004883,-4.382278919219971,20.707347869873047,-5.131592750549316,15.4835786819458,-5.015782356262207,15.804627418518066,-7.853395462036133,12.93942928314209,-5.5449419021606445,14.1451997756958,-5.481906890869141,67.08226013183594,-31.093015670776367,32.73320388793945,6.16849422454834,11.95969009399414,-4.690274238586426,20.16288948059082,-5.3028693199157715,15.203957557678223,-5.07463264465332,15.335168838500977,-7.932845115661621,12.453838348388672,-5.845761775970459,13.816946029663086
1wfZdPy5FRWsdWaAEOG0Ml,-43.73267364501953,101.75131225585938,-18.994422912597656,32.28040313720703,-0.8031325340270996,16.298677444458008,0.06721757352352142,10.779184341430664,-4.7759904861450195,15.033645629882812,-8.167122840881348,9.68856430053711,-8.145120620727539,8.030667304992676,-5.7894134521484375,8.063291549682617,-58.64268493652344,101.15089416503906,-17.1330509185791,28.912479400634766,-0.9085230231285095,15.598297119140625,1.526331901550293,9.989116668701172,-4.541605472564697,14.759903907775879,-8.550971031188965,9.292000770568848,-8.4176607131958,7.616969108581543,-5.878095626831055,7.907074928283691
1wLhwzPAtze5JT8qqXlqaO,-74.37406158447266,72.51811981201172,-4.6266374588012695,23.429574966430664,-2.1924941539764404,14.680337905883789,-7.884149551391602,18.554887771606445,-5.2712225914001465,15.402612686157227,-6.331561088562012,8.59730339050293,-5.1843156814575195,11.586152076721191,-4.055025577545166,10.512516021728516,-90.12235260009766,72.70159149169922,-3.793431520462036,22.35637855529785,-1.6404786109924316,14.499130249023438,-7.64791202545166,18.50739860534668,-5.761720657348633,15.549098014831543,-5.975384712219238,8.439310073852539,-4.8166890144348145,11.55524730682373,-3.676851749420166,10.760091781616211
1wHSxWBfPr3GO31y8KGrWe,-204.8312530517578,119.88168334960938,-9.773664474487305,21.510501861572266,5.2776265144348145,9.911981582641602,-6.013480186462402,3.860200881958008,-9.929998397827148,2.4176626205444336,-9.164092063903809,1.7653107643127441,-5.08254337310791,2.3872625827789307,-6.60977840423584,0.6612465381622314,-228.8129119873047,117.699951171875,-16.424549102783203,16.890539169311523,6.275599002838135,8.30599308013916,-6.271420478820801,3.80819034576416,-9.572232246398926,1.6259434223175049,-8.870129585266113,1.5354087352752686,-5.0332350730896,2.124748468399048,-6.640102386474609,0.7849323153495789
1wHZx0LgzFHyeIZkUydNXq,-66.51109313964844,105.48526763916016,-1.3054492473602295,8.703139305114746,1.0638587474822998,22.34088134765625,-8.860589981079102,17.78691864013672,-5.579084873199463,18.433368682861328,-0.6444745063781738,10.827800750732422,-5.010549545288086,8.681488037109375,-3.0174829959869385,10.525716781616211,-87.17485809326172,105.53157806396484,-3.4485440254211426,3.8248705863952637,-0.2903672754764557,19.37979507446289,-10.613361358642578,12.890316009521484,-7.853824615478516,16.94629669189453,-1.316217064857483,9.512409210205078,-5.4370527267456055,7.230009078979492,-3.3647754192352295,9.269535064697266
1WIfWj5skn5UUZTs4cEFBe,-176.70541381835938,111.68119812011719,-9.081305503845215,5.648832321166992,3.763291597366333,-0.039806246757507324,-9.90500259399414,6.792335510253906,-10.591598510742188,4.226929664611816,-1.8777217864990234,4.276899337768555,-2.777641773223877,0.9092307686805725,-4.578892230987549,5.906173229217529,-188.3565216064453,107.72071075439453,-7.4942851066589355,7.241032600402832,4.886111259460449,0.30102914571762085,-9.92957592010498,6.248464107513428,-11.201431274414062,3.9670050144195557,-2.0097553730010986,4.195731163024902,-2.5946853160858154,1.177872896194458,-4.503103256225586,6.653841018676758
1Wj8TbAEUGChMPD1vvsUat,-82.21856689453125,79.96833801269531,-27.43372344970703,46.058258056640625,1.7459557056427002,23.36663246154785,-4.952681541442871,17.569011688232422,-5.778499603271484,15.506784439086914,-10.40556526184082,9.070438385009766,-10.965286254882812,4.907176971435547,-7.462808609008789,8.943799018859863,-102.04118347167969,77.6773681640625,-29.288244247436523,43.778072357177734,-0.25891339778900146,21.935449600219727,-4.692997932434082,16.072124481201172,-6.5998663902282715,14.845909118652344,-11.078269004821777,8.585391998291016,-11.045797348022461,4.721595287322998,-7.7218546867370605,8.214255332946777
1WniHvhq9zTkny0WvGXX8o,-56.557159423828125,96.36851501464844,-11.669647216796875,16.675174713134766,-6.222076416015625,13.848224639892578,-8.964347839355469,6.296075820922852,-10.198969841003418,12.042136192321777,-10.843968391418457,8.534307479858398,-7.431395530700684,9.73574447631836,-7.725253105163574,5.250312805175781,-75.26606750488281,98.13307189941406,-11.804723739624023,16.35431671142578,-6.523059368133545,11.449213981628418,-8.804192543029785,5.221764087677002,-10.7430419921875,10.834410667419434,-9.801777839660645,8.396651268005371,-7.7731733322143555,8.627795219421387,-7.038899898529053,4.892227649688721
1wJneaMg40pI9qxGXPxG9X,-90.34671783447266,95.59503936767578,1.3655307292938232,46.865962982177734,-3.3108458518981934,19.904279708862305,-1.668076753616333,17.30215072631836,-11.559412956237793,10.012408256530762,-9.725320816040039,7.845492362976074,-5.003763198852539,2.9600651264190674,-9.655220031738281,6.068172454833984,-103.9655532836914,92.58714294433594,3.294649362564087,46.367645263671875,-2.343097686767578,19.381607055664062,-2.8016929626464844,17.523277282714844,-11.620966911315918,10.099919319152832,-9.277517318725586,7.886416912078857,-4.777429580688477,3.1113808155059814,-9.551590919494629,6.059998512268066
1wJRveJZLSb1rjhnUHQiv6,-62.322059631347656,86.81073760986328,10.365645408630371,37.19997787475586,6.6102681159973145,19.258121490478516,-7.641579627990723,14.807195663452148,-6.551675796508789,16.708904266357422,-4.663575172424316,16.95931625366211,-2.523813486099243,10.57215690612793,-2.4539053440093994,7.384505271911621,-82.70891571044922,89.77799987792969,11.098749160766602,37.779998779296875,5.746739387512207,18.475048065185547,-7.583828449249268,14.283987998962402,-6.160944938659668,16.07612419128418,-5.0690507888793945,15.433586120605469,-2.788508653640747,9.89963150024414,-2.6514501571655273,6.9681396484375
1wjzFQodRWrPcQ0AnYnvQ9,-108.51703643798828,92.29052734375,-6.512375354766846,27.883548736572266,-3.3564987182617188,6.032572269439697,-17.097078323364258,6.547504425048828,-10.027314186096191,0.8859483003616333,-7.388643741607666,1.4396963119506836,-10.683060646057129,5.992054462432861,-7.577388763427734,5.503422737121582,-128.0531463623047,90.69017028808594,-5.01383638381958,25.00997543334961,-5.409265518188477,4.301812648773193,-18.800350189208984,5.824156761169434,-9.8560152053833,0.4683445394039154,-7.081518650054932,1.0604591369628906,-10.579779624938965,5.663978576660156,-7.305242538452148,5.135733127593994
1WKCpHtm4Lkjid41lISb0M,-106.19330596923828,115.8863525390625,-18.849994659423828,37.374080657958984,-11.773748397827148,8.909871101379395,-10.039647102355957,13.41302490234375,-5.5238118171691895,12.967639923095703,-6.150934219360352,8.373798370361328,-6.386420249938965,6.364114761352539,-7.340095520019531,1.3156237602233887,-117.02873229980469,114.98204803466797,-19.796485900878906,34.76140594482422,-13.25416374206543,8.023547172546387,-9.896462440490723,13.45331859588623,-5.736868381500244,12.892332077026367,-6.127856254577637,8.092320442199707,-6.3599395751953125,6.27087926864624,-7.328205585479736,1.3210941553115845
1Wm8n5eQpDaOk2eQjf8ENd,-0.03478851541876793,97.46897888183594,-10.418428421020508,23.93179702758789,-5.758019924163818,24.16896629333496,-4.2718915939331055,18.175514221191406,-5.8005571365356445,21.27398681640625,-3.4642558097839355,13.190204620361328,-9.81263256072998,9.301277160644531,-4.356659889221191,9.926733016967773,-23.972576141357422,103.09630584716797,-5.969003200531006,24.894784927368164,-4.989898204803467,22.705801010131836,-3.936091661453247,18.026119232177734,-5.249038219451904,21.565031051635742,-3.048149824142456,13.033859252929688,-9.88196086883545,9.463606834411621,-4.430995464324951,9.769500732421875
1WMMrUKNFsnEG2csDURxhb,-73.62837219238281,68.31594848632812,-12.852482795715332,13.943399429321289,-20.760623931884766,14.477065086364746,-20.027389526367188,-0.4834018051624298,-20.450958251953125,3.7894835472106934,-13.961793899536133,7.548280239105225,-7.583889007568359,3.2793636322021484,-4.752138614654541,4.8487138748168945,-87.38067626953125,69.11467742919922,-10.048498153686523,13.027280807495117,-22.37792205810547,13.909566879272461,-19.7352237701416,1.290411114692688,-20.313047409057617,4.8149213790893555,-14.170700073242188,7.454562187194824,-7.942628860473633,3.155170202255249,-4.850840091705322,4.985936641693115
1wmQEa5wqsnhBaNNYVwet5,-81.66492462158203,110.40701293945312,6.776134490966797,27.12518882751465,-3.664158821105957,9.478950500488281,-2.7513179779052734,3.782479763031006,-4.900221824645996,9.454351425170898,-11.406027793884277,9.745546340942383,-7.599572658538818,8.871065139770508,-6.836606979370117,5.841114044189453,-97.18785858154297,109.94243621826172,4.30654239654541,26.998947143554688,-3.9957597255706787,8.947153091430664,-1.6232167482376099,3.305469512939453,-4.861076831817627,9.052229881286621,-11.162985801696777,9.447604179382324,-7.7291717529296875,8.793497085571289,-6.934849262237549,6.108661651611328
1wN6UMOnoOWqqQ6MY5R09T,-73.6227798461914,92.43952178955078,13.646158218383789,13.25590991973877,-5.983973979949951,9.683160781860352,-16.675628662109375,11.676639556884766,-17.057510375976562,11.547910690307617,-12.677379608154297,7.068367958068848,-8.150497436523438,5.618027687072754,-4.107285022735596,4.879983901977539,-94.38250732421875,96.60941314697266,16.525400161743164,11.708559036254883,-6.317669868469238,9.12588119506836,-17.481189727783203,9.244590759277344,-18.285167694091797,8.98708438873291,-13.208501815795898,5.355085849761963,-8.818841934204102,4.690778732299805,-4.340310096740723,3.8823156356811523
1wnq9TwifJ9ipLUFsm8vKx,-9.85734748840332,78.91085815429688,-30.102825164794922,53.009544372558594,-1.5088636875152588,24.203113555908203,-7.458089828491211,22.29694366455078,-7.2532877922058105,12.117427825927734,-7.404288291931152,15.01871109008789,-6.600082874298096,7.475915908813477,-11.601030349731445,6.376683235168457,-30.461585998535156,79.5216293334961,-28.728439331054688,51.40150451660156,0.7471422553062439,23.572288513183594,-6.476836204528809,21.584688186645508,-6.9088454246521,12.1429443359375,-7.314627647399902,15.006954193115234,-6.403667449951172,7.540033340454102,-11.49267292022705,6.4329423904418945
1wo3UYTeizJHkwYIuLuBPF,-5.759975910186768,116.87163543701172,-33.98109436035156,33.826438903808594,-15.079103469848633,14.340080261230469,-13.754124641418457,10.842300415039062,-19.016576766967773,6.539549827575684,-11.104530334472656,7.459603309631348,-10.058300018310547,6.874762535095215,-8.426679611206055,4.674944877624512,-25.21607208251953,117.39901733398438,-32.04806900024414,33.888885498046875,-14.028969764709473,13.32240104675293,-13.160694122314453,10.348865509033203,-19.23210334777832,6.290734767913818,-11.101273536682129,6.216475963592529,-10.33645248413086,6.246190071105957,-8.14930248260498,4.629456043243408
1WoChv2ARhrKUhzHcmWqLd,-76.09861755371094,88.76570892333984,15.049348831176758,32.54546356201172,4.7821455001831055,24.237228393554688,-13.841643333435059,19.00895881652832,-13.990411758422852,13.331570625305176,-9.863349914550781,7.025583267211914,-11.34622573852539,8.296483993530273,-5.292191505432129,5.168013572692871,-96.25323486328125,86.74430847167969,15.667081832885742,31.721637725830078,5.999844074249268,22.898914337158203,-14.233390808105469,17.478168487548828,-14.536927223205566,12.94825267791748,-10.307857513427734,6.25708532333374,-12.104792594909668,7.739151954650879,-5.617971897125244,4.525502681732178
1WOL9lrdYoGoUmfZM0L8i8,-37.71570587158203,86.86579895019531,-15.855585098266602,26.412307739257812,-3.947991371154785,21.93149185180664,-10.47237491607666,15.684784889221191,-11.916702270507812,13.00001335144043,-15.891207695007324,7.872244834899902,-12.680648803710938,5.956752300262451,-10.265426635742188,4.323957443237305,-57.659217834472656,87.00555419921875,-13.342266082763672,25.8969669342041,-3.03153920173645,21.26175880432129,-10.285991668701172,15.309235572814941,-11.6473388671875,13.307608604431152,-15.508962631225586,8.054060935974121,-12.643259048461914,6.796541690826416,-9.802262306213379,5.579324245452881
22OtjOmIcTQbUe5TzACJIs,-36.86271286010742,90.39349365234375,-13.866607666015625,23.363567352294922,-4.75483512878418,11.353137016296387,-7.705290794372559,12.074202537536621,-11.599397659301758,13.398557662963867,-10.354776382446289,7.0526018142700195,-8.500239372253418,10.870750427246094,-6.7819414138793945,8.09568977355957,-68.40140533447266,89.39356994628906,-12.431477546691895,22.917320251464844,-5.048310279846191,10.498132705688477,-7.878305912017822,11.644804954528809,-11.800599098205566,13.218029022216797,-9.689756393432617,6.87388801574707,-8.409006118774414,10.735674858093262,-6.0831074714660645,8.117920875549316
1wp0NDVViJ1DCoYct05RLh,-32.2792854309082,77.57571411132812,-28.455585479736328,36.43392562866211,-12.173646926879883,18.914060592651367,-10.6630859375,12.435151100158691,-8.695137977600098,16.988475799560547,-10.312419891357422,7.27553653717041,-12.338844299316406,5.072864055633545,-9.47592544555664,8.36131477355957,-43.15876388549805,79.05359649658203,-29.960317611694336,36.73403549194336,-12.793490409851074,17.86923599243164,-10.853496551513672,11.499911308288574,-8.708453178405762,16.832502365112305,-10.527448654174805,6.739127159118652,-12.19085693359375,4.756010055541992,-9.294190406799316,8.261006355285645
1WQywsPBSyvw4QC4ZvmSbj,1.5605759620666504,77.61984252929688,-4.591947555541992,21.24817657470703,-4.179574966430664,21.986196517944336,-7.495772838592529,11.665811538696289,-14.213022232055664,15.769817352294922,-13.490154266357422,12.521688461303711,-10.646886825561523,9.186168670654297,-10.82304859161377,7.582655906677246,-17.346952438354492,79.23558044433594,-6.264254093170166,19.618682861328125,-4.251173973083496,20.23830795288086,-7.325990676879883,10.981793403625488,-14.124335289001465,15.375748634338379,-13.677553176879883,12.045390129089355,-10.641542434692383,8.795467376708984,-10.470463752746582,7.807614803314209
1WRIN4Liz3nmoE5njV8aNO,-94.63438415527344,55.93119812011719,-2.3407833576202393,33.192989349365234,-2.2138047218322754,9.876344680786133,-11.121576309204102,4.739307403564453,-11.85002326965332,8.290986061096191,-3.263371467590332,7.703756809234619,-12.55760383605957,10.177751541137695,-4.567558288574219,5.698823928833008,-118.68003845214844,54.91049575805664,-2.2665562629699707,31.099552154541016,-3.2603538036346436,9.82165813446045,-12.218868255615234,3.653836488723755,-11.892919540405273,8.428183555603027,-4.515861511230469,7.912798881530762,-13.842009544372559,9.752806663513184,-5.195949554443359,5.664838790893555
1WROQ5j0KmM2dEYxKcL6xN,-73.36062622070312,115.97807312011719,-39.487770080566406,37.3037109375,-7.468999862670898,14.219375610351562,-9.616029739379883,12.210088729858398,-12.324718475341797,14.319988250732422,-7.756833076477051,8.61236572265625,-8.63228988647461,1.8331385850906372,-4.485019683837891,5.5384721755981445,-85.2418441772461,114.30888366699219,-39.535736083984375,37.76907730102539,-7.388245582580566,14.132017135620117,-9.500000953674316,11.859259605407715,-11.930366516113281,14.15832805633545,-7.450694561004639,8.63931655883789,-8.456059455871582,2.03075909614563,-4.160281658172607,5.529061794281006
1xkLkSAOv1ALxKOHwZJRMn,-3.3415286540985107,48.96489715576172,0.5964037179946899,31.842187881469727,-5.645403861999512,20.737606048583984,-8.633689880371094,14.48628044128418,-12.294897079467773,15.931220054626465,-9.684686660766602,16.41158676147461,-4.734194278717041,9.676743507385254,-11.533369064331055,10.245138168334961,-12.62454605102539,50.47361755371094,2.28256893157959,31.710159301757812,-6.5247344970703125,18.6825008392334,-8.840609550476074,13.6207914352417,-13.179014205932617,15.220029830932617,-9.139777183532715,16.375732421875,-4.467240810394287,9.31800651550293,-11.131850242614746,9.810176849365234
1wRQqmZwiF4thdQ8N7FiNv,-149.94403076171875,105.5543441772461,31.602619171142578,41.58483123779297,6.7498674392700195,23.149938583374023,2.2377209663391113,17.968469619750977,-5.127130031585693,15.552907943725586,-8.008082389831543,5.107629776000977,-5.00961446762085,5.980518817901611,-7.279580593109131,2.251474380493164,-164.00799560546875,102.21429443359375,31.879316329956055,41.61274337768555,4.836733341217041,22.79256248474121,2.9137091636657715,16.917417526245117,-6.57002067565918,15.150070190429688,-7.7086358070373535,4.860475063323975,-4.27983283996582,5.772299289703369,-7.171648979187012,2.2059690952301025
1WrVjFkswM2JthLruEiCoD,-43.804046630859375,116.7757339477539,-10.031242370605469,29.547550201416016,-0.7289815545082092,10.283090591430664,-7.159049987792969,7.927163124084473,-10.59975528717041,7.3099141120910645,-8.564867973327637,3.2402000427246094,-9.106900215148926,5.2220025062561035,-7.467700958251953,4.998981952667236,-57.497859954833984,117.09882354736328,-10.314168930053711,28.232128143310547,-1.5217701196670532,9.71501636505127,-7.278167724609375,7.393531322479248,-10.948668479919434,6.952950477600098,-8.803324699401855,2.8678505420684814,-9.205220222473145,4.957298755645752,-7.105810165405273,4.665837287902832
1WsEgieHsWWndAzLkmV105,-234.95657348632812,130.64256286621094,29.109615325927734,37.17596435546875,9.76445484161377,11.225306510925293,1.8086353540420532,0.0,-0.347226619720459,-5.741620063781738,-5.825183868408203,-2.444885730743408,-3.3029024600982666,5.185257911682129,-7.087526321411133,-1.2253036499023438,-247.3460235595703,124.66497802734375,27.937389373779297,37.5230827331543,9.585418701171875,10.906922340393066,1.3947073221206665,-0.543075680732727,-1.0411497354507446,-6.271833419799805,-6.276095390319824,-2.4370620250701904,-4.028082847595215,6.087018966674805,-7.4712934494018555,-0.7424037456512451
1wSIkQa1KbiVfV3UHzUyx0,36.773502349853516,80.57178497314453,-28.938932418823242,40.8338623046875,-1.4225860834121704,22.509506225585938,-7.308036804199219,17.63701820373535,-7.088813781738281,14.107701301574707,-7.216320991516113,13.63682746887207,-7.838283538818359,6.783204078674316,-12.115108489990234,7.0144548416137695,13.548409461975098,78.29244995117188,-29.799585342407227,38.439056396484375,-3.1957316398620605,20.504499435424805,-7.740979194641113,17.218698501586914,-7.727841377258301,13.5682373046875,-7.341140270233154,12.683152198791504,-7.834173679351807,6.623093605041504,-11.847521781921387,6.880882263183594
1xU2QZ40MY4Ex2pfczZa9U,-25.558326721191406,81.50546264648438,-4.530235767364502,32.523406982421875,0.27242809534072876,21.723161697387695,-6.338901519775391,14.127090454101562,-10.106237411499023,13.745965957641602,-9.568684577941895,10.383331298828125,-9.316994667053223,9.266340255737305,-7.977847099304199,3.0621118545532227,-47.12860870361328,87.18789672851562,-3.2657487392425537,33.06220626831055,0.3258763253688812,20.36539649963379,-6.652162551879883,13.111522674560547,-11.085838317871094,12.908463478088379,-9.511601448059082,9.655652046203613,-9.973526954650879,8.144815444946289,-7.60922908782959,3.024225950241089
1wsLHgXJ4SKIfd5ePSX1hD,-22.35670280456543,65.13157653808594,6.274788856506348,26.32859992980957,-7.553409576416016,7.612210750579834,-14.405399322509766,7.971571445465088,-14.593884468078613,8.153438568115234,-12.01931381225586,9.645532608032227,-6.283915042877197,10.443492889404297,-7.661010265350342,8.39289665222168,-52.93008041381836,62.22404861450195,6.5941009521484375,25.638120651245117,-8.42407512664795,5.9985809326171875,-15.771391868591309,7.476353168487549,-14.883313179016113,7.8374786376953125,-12.219968795776367,8.681278228759766,-6.490279674530029,9.94859504699707,-7.3445868492126465,8.250446319580078
1wsRitfRRtWyEapl0q22o8,7.951294898986816,71.55612182617188,-7.838456153869629,42.23424530029297,-9.591836929321289,21.509767532348633,-13.796831130981445,21.67414665222168,-13.400016784667969,13.605215072631836,-10.358743667602539,12.102015495300293,-13.80099105834961,7.469511985778809,-10.500421524047852,9.558231353759766,-9.58161735534668,71.87859344482422,-9.163544654846191,39.45444107055664,-8.461429595947266,20.221094131469727,-13.8058500289917,21.320199966430664,-13.364352226257324,13.122408866882324,-10.173666000366211,11.527087211608887,-13.6781644821167,7.6482439041137695,-10.084352493286133,9.235678672790527
1wTH87zcNcR4vn1iJLDv0c,-117.00163269042969,119.8626937866211,8.655889511108398,9.254079818725586,6.429441452026367,10.409412384033203,-8.506084442138672,11.110200881958008,-10.917119026184082,7.687886714935303,-3.4203362464904785,9.630898475646973,-3.0415892601013184,6.480391502380371,-4.7595062255859375,8.905683517456055,-132.45037841796875,111.87838745117188,10.04914379119873,11.95755386352539,4.4708991050720215,9.75317668914795,-9.209835052490234,10.978448867797852,-11.825337409973145,7.535580635070801,-3.7045881748199463,8.883529663085938,-3.079118013381958,5.9299468994140625,-5.065576553344727,8.821965217590332
1WttHhgIl0N0vXZYrOxF0C,-191.23240661621094,119.96011352539062,6.198113918304443,28.607559204101562,5.523909568786621,14.385892868041992,0.0,5.766982555389404,-12.296027183532715,11.199268341064453,-9.24843978881836,7.915156364440918,-7.517532825469971,5.959580898284912,-1.757866382598877,2.0414395332336426,-214.24594116210938,115.34713745117188,8.17067813873291,29.36018943786621,4.774662971496582,14.980364799499512,0.2322348952293396,5.354106426239014,-12.970786094665527,11.170470237731934,-9.408062934875488,8.013139724731445,-8.14185905456543,5.853012561798096,-2.505648374557495,2.0405869483947754
1XB2YcW0XQDXLilwLOqWtH,-85.0091323852539,96.30195617675781,-10.251745223999023,51.491302490234375,7.2283935546875,15.390336036682129,-6.893379211425781,19.178993225097656,-14.856461524963379,13.29752254486084,-10.88627815246582,7.000038146972656,-7.840827941894531,8.004162788391113,-9.917901992797852,6.229648113250732,-107.72718048095703,92.1036605834961,-8.390275955200195,49.44218063354492,8.307353019714355,14.1034517288208,-5.733067512512207,18.363014221191406,-14.856282234191895,11.996782302856445,-10.251130104064941,6.184851169586182,-6.872021675109863,7.1283278465271,-9.475509643554688,5.549948692321777
1WtTLtofvcjQM3sXSMkDdX,-60.58850860595703,66.69022369384766,-9.5655517578125,22.98952293395996,-7.9862871170043945,12.391733169555664,-12.217195510864258,18.618328094482422,-13.99553394317627,13.663174629211426,-6.348939895629883,16.458843231201172,-0.128523051738739,16.101207733154297,-1.686484932899475,15.641693115234375,-76.95568084716797,62.03569793701172,-8.79769229888916,21.060245513916016,-8.756736755371094,10.787748336791992,-12.797711372375488,18.011343002319336,-14.311168670654297,12.536517143249512,-6.906367778778076,15.408432960510254,-0.2153918445110321,15.72358226776123,-0.8901860117912292,15.28787612915039
1wTx8XqC5HnsppDY3sWWaE,-11.60870361328125,78.62870025634766,-26.398418426513672,20.867597579956055,-4.204573631286621,8.57518482208252,-10.933441162109375,11.036886215209961,-14.76728630065918,12.752685546875,-11.310148239135742,8.729607582092285,-9.78740119934082,6.523560523986816,-6.016183853149414,6.55438756942749,-27.9435977935791,84.44667053222656,-27.72893524169922,19.360044479370117,-6.960093021392822,4.958108425140381,-11.013460159301758,10.306891441345215,-16.690025329589844,12.057778358459473,-12.239975929260254,7.759384632110596,-9.648933410644531,7.224860668182373,-5.531573295593262,6.296693325042725
1WUfx6nUmCSQqdvsi33Osm,-107.18750762939453,111.87010955810547,-13.89876937866211,33.89917755126953,10.151123046875,10.274910926818848,-5.19740104675293,20.147300720214844,-1.3426189422607422,12.90473747253418,-0.9655599594116211,12.999539375305176,-2.217487335205078,9.947077751159668,-1.4375102519989014,7.578997611999512,-124.24639892578125,108.52837371826172,-13.107364654541016,31.983123779296875,9.621562004089355,9.026305198669434,-5.3320698738098145,19.580991744995117,-1.6699879169464111,12.365257263183594,-1.306839108467102,12.028220176696777,-2.556933641433716,9.0050630569458,-1.3696025609970093,6.909912586212158
1wv8bYmoqY3TAKKQY3Qn7t,-27.50496482849121,71.99481964111328,-17.601272583007812,44.876380920410156,-5.807443141937256,25.222625732421875,-8.384429931640625,17.31250762939453,-5.254762649536133,14.185138702392578,-6.838367462158203,13.673074722290039,-10.2996244430542,8.090262413024902,-9.813741683959961,5.172064781188965,-51.11595916748047,72.84455108642578,-18.15406036376953,43.62337112426758,-6.164158344268799,24.569557189941406,-8.47205638885498,16.062211990356445,-5.537705898284912,13.188920974731445,-7.011843681335449,12.910922050476074,-10.159204483032227,8.257158279418945,-9.189055442810059,5.254616737365723
1Wvzo4EotLEh4W3OVcQoDO,-70.45507049560547,90.34008026123047,-11.342761993408203,33.23228073120117,-0.2450769543647766,18.256698608398438,-11.269633293151855,11.006952285766602,-7.151824951171875,5.60067892074585,-9.927000045776367,4.178167343139648,-7.847343921661377,12.420988082885742,-1.730684518814087,13.306537628173828,-91.58777618408203,93.1841049194336,-13.714105606079102,29.032629013061523,0.08125078678131104,16.098724365234375,-11.051733016967773,9.64660930633545,-7.10837459564209,4.364205837249756,-10.048441886901855,3.0202598571777344,-7.7407026290893555,11.739648818969727,-1.9906320571899414,13.65046501159668
1WX03sdsyg3x6pggvGTvT4,-114.27229309082031,113.30645751953125,-32.24576187133789,39.69749450683594,-8.491608619689941,15.707303047180176,-16.704059600830078,10.459392547607422,-13.561304092407227,8.7225341796875,-9.863778114318848,9.427213668823242,-11.93996524810791,3.2236485481262207,-13.596894264221191,3.416257381439209,-121.80602264404297,113.569580078125,-31.00994110107422,39.804832458496094,-8.36808967590332,15.598846435546875,-16.584184646606445,10.237624168395996,-13.418082237243652,8.534895896911621,-9.6033935546875,9.254834175109863,-11.62600326538086,3.0142455101013184,-13.409722328186035,3.1996610164642334
1wy56SOfUlZ55h9IqSH00g,-54.894439697265625,106.27236938476562,-12.202062606811523,39.302886962890625,7.031125068664551,19.126373291015625,-7.629457473754883,15.644404411315918,-11.462681770324707,11.7111234664917,-11.807478904724121,15.239296913146973,-9.026205062866211,3.461569309234619,-11.573348999023438,3.46038818359375,-68.86031341552734,104.4132080078125,-11.801941871643066,38.667449951171875,6.736617565155029,19.007020950317383,-7.124208927154541,15.491819381713867,-11.355672836303711,12.194340705871582,-12.409361839294434,15.711950302124023,-8.991414070129395,3.1879279613494873,-10.634628295898438,3.107670307159424
1wYJnu1hMrYMNrkXKTVrYd,-65.37869262695312,82.96896362304688,-10.701919555664062,27.45246124267578,1.0484678745269775,16.246238708496094,-6.115049362182617,17.67913055419922,-8.372736930847168,15.61662483215332,-5.918813705444336,10.047797203063965,-9.401651382446289,3.7911911010742188,-8.430904388427734,4.738925457000732,-100.5569839477539,81.88529968261719,-6.874784469604492,25.80607795715332,1.5477930307388306,14.559782981872559,-6.612117767333984,15.802116394042969,-8.656051635742188,14.763916015625,-6.119456768035889,9.133925437927246,-9.434304237365723,2.047938108444214,-7.628588676452637,3.861978769302368
1wYXIhJXqlIAGS6sbzpTL6,25.765230178833008,75.14309692382812,-21.698509216308594,48.278160095214844,-5.656899452209473,25.78156280517578,-6.867531776428223,18.958110809326172,-2.2624294757843018,16.22832489013672,-7.139368057250977,16.113361358642578,-8.564290046691895,9.506561279296875,-5.54152774810791,7.683779716491699,-2.5026590824127197,78.74089813232422,-23.81248664855957,46.56293869018555,-6.746610641479492,24.45725440979004,-6.954926490783691,16.888534545898438,-2.245272397994995,14.165226936340332,-6.764280796051025,14.703119277954102,-8.001992225646973,7.744876861572266,-5.089221477508545,6.971150875091553
1wz7B02oOtrTW6SNLG0cSk,-179.68960571289062,131.81993103027344,-9.466337203979492,18.200366973876953,4.813233375549316,0.0,-5.2494893074035645,-5.875312805175781,-19.98943328857422,-0.3561140298843384,-21.827219009399414,1.3531168699264526,-15.073871612548828,-10.779077529907227,-5.416941165924072,-10.490583419799805,-211.392822265625,131.25485229492188,-5.419250011444092,17.795745849609375,4.504912376403809,-0.9492930769920349,-6.948668479919434,-6.000676155090332,-19.928298950195312,-0.5637742877006531,-22.162729263305664,0.756183922290802,-15.166508674621582,-10.470239639282227,-5.471811294555664,-10.347447395324707
1WZ80MjGaTqyPPRTP5TJQf,-28.004472732543945,85.74472045898438,-6.4829301834106445,34.364784240722656,-9.205777168273926,10.443142890930176,-13.001604080200195,19.40472412109375,-12.257942199707031,14.508108139038086,-5.91248893737793,11.526479721069336,-6.247845649719238,6.452517509460449,-11.042858123779297,7.074951171875,-37.8779411315918,84.20157623291016,-8.113880157470703,33.6623420715332,-9.366254806518555,9.394440650939941,-13.18199348449707,19.204803466796875,-12.635838508605957,13.783530235290527,-6.044868469238281,10.75043773651123,-5.795759201049805,6.372829437255859,-10.862997055053711,6.85288143157959
1x0AirtLjfVquI0A9iBVep,28.1463623046875,83.4059829711914,-18.28341293334961,48.97549057006836,-7.0225043296813965,22.351699829101562,-6.5282745361328125,21.591344833374023,-6.822282314300537,12.800121307373047,-4.447267055511475,12.126076698303223,-8.740013122558594,8.87673568725586,-9.478052139282227,11.200719833374023,13.908312797546387,82.24214935302734,-17.485055923461914,48.14371871948242,-5.386448860168457,22.31914710998535,-6.534084796905518,21.748849868774414,-6.590646266937256,12.818102836608887,-4.281153202056885,12.008484840393066,-8.46755313873291,8.913994789123535,-9.228970527648926,11.178267478942871
1x0OUPKa4Rcj1jCoLI66bZ,-171.86972045898438,108.05030822753906,24.135284423828125,45.95469665527344,6.587778091430664,20.773456573486328,3.524886131286621,11.126710891723633,3.4040720462799072,11.956486701965332,-9.635780334472656,6.027082443237305,-6.668426513671875,4.5070953369140625,-8.465225219726562,2.537492275238037,-187.83319091796875,101.907958984375,23.410470962524414,46.79262161254883,7.79066276550293,20.064672470092773,2.0354278087615967,11.190252304077148,3.354165554046631,10.236104965209961,-9.190814018249512,5.407349109649658,-6.884433269500732,4.769603252410889,-7.8732380867004395,2.4417872428894043
1x1BKrrpq7CfOZPBeUsx16,-134.14234924316406,119.86289978027344,2.7037994861602783,16.228252410888672,-2.4609785079956055,5.054482460021973,-14.226911544799805,8.566991806030273,-7.735091209411621,6.759775161743164,-8.383077621459961,7.020659446716309,-6.852112770080566,3.1041626930236816,-1.8364664316177368,1.5423007011413574,-151.23561096191406,114.23219299316406,3.5669426918029785,14.455900192260742,-3.6723647117614746,6.462264537811279,-13.988619804382324,8.22663688659668,-7.566203594207764,6.380731582641602,-8.62081527709961,7.0923895835876465,-6.882348537445068,2.9830210208892822,-1.5258347988128662,1.5460397005081177
1X37F5I10iTKZU0WEb6Zgj,-155.58799743652344,132.52499389648438,21.999835968017578,26.625778198242188,6.1150803565979,17.97537612915039,-5.888250350952148,3.8363559246063232,-11.912744522094727,11.070140838623047,-7.960358619689941,6.961814880371094,-8.044730186462402,2.686845541000366,-3.1695899963378906,0.6170377731323242,-172.63409423828125,127.04268646240234,28.113317489624023,28.528318405151367,5.804812431335449,17.939233779907227,-6.02984619140625,3.92769718170166,-11.618656158447266,12.049962043762207,-9.168041229248047,7.329078197479248,-8.672715187072754,2.9225873947143555,-3.041884422302246,0.05158466845750809
1X4l0BRQfy7K3VkUATgwro,-18.66521453857422,83.68917846679688,-8.119290351867676,27.454540252685547,-3.965475082397461,14.45359992980957,-11.857137680053711,14.66956615447998,-13.984237670898438,8.651021957397461,-10.935803413391113,10.40583610534668,-11.29097843170166,5.025038719177246,-11.052181243896484,5.856963634490967,-49.672122955322266,89.42951202392578,-8.547831535339355,24.808454513549805,-5.396407604217529,13.691574096679688,-12.29198932647705,14.192097663879395,-13.517541885375977,9.51948356628418,-10.936814308166504,10.070239067077637,-10.834954261779785,5.699792861938477,-10.928109169006348,6.266398906707764
1x5sYLZiu9r5E43kMlt9f8,-90.89701843261719,86.70993041992188,-10.561466217041016,26.86626625061035,-13.957792282104492,8.306236267089844,1.5047392845153809,6.3357415199279785,-9.865364074707031,5.013559341430664,-13.21130657196045,12.694961547851562,-9.082582473754883,11.391557693481445,-7.648836135864258,5.034059524536133,-118.50103759765625,88.00650024414062,-8.828801155090332,21.00598907470703,-16.582700729370117,4.4487786293029785,1.6759307384490967,3.634462594985962,-9.294418334960938,3.6312248706817627,-13.421677589416504,11.384772300720215,-9.290997505187988,12.13141918182373,-7.293879508972168,4.853494167327881
1X7MT6osfvC9JEZSPnsYrP,-98.3785171508789,100.55194854736328,-11.23829460144043,39.70299530029297,-7.784623622894287,24.182064056396484,-5.69334602355957,19.537893295288086,0.06890931725502014,16.442462921142578,-2.865011215209961,16.11764144897461,-1.1966102123260498,12.543241500854492,1.2024528980255127,12.167701721191406,-112.44710540771484,97.3843994140625,-9.360508918762207,37.89405822753906,-8.680784225463867,23.58312225341797,-6.9012274742126465,19.439756393432617,-0.49157047271728516,16.209636688232422,-2.790925979614258,16.012956619262695,-1.1966369152069092,12.525796890258789,1.220941424369812,12.051831245422363
22wxe2Yc9JzihICXYLGAQ7,-103.92557525634766,78.33016967773438,-25.39354133605957,32.18293762207031,-14.050150871276855,22.23377227783203,-13.25670337677002,14.449039459228516,-9.008408546447754,13.06593132019043,-9.558812141418457,4.001362323760986,-12.252660751342773,8.084920883178711,-8.020543098449707,2.905409336090088,-129.26727294921875,76.96684265136719,-25.5557918548584,32.26218032836914,-14.832667350769043,21.72254753112793,-13.356791496276855,13.832287788391113,-9.0162353515625,12.568183898925781,-9.200377464294434,4.278409004211426,-12.301690101623535,7.865533828735352,-7.987207412719727,3.1913394927978516
1x8IGM8FYl6uqn806QWdW0,13.737984657287598,63.583980560302734,-30.029293060302734,36.279991149902344,7.862534523010254,15.371902465820312,-4.948891639709473,18.73681640625,-5.732472896575928,15.252870559692383,-4.34959602355957,14.595977783203125,-10.17119312286377,8.730133056640625,-9.650849342346191,11.413125991821289,6.113006114959717,64.13040161132812,-31.3802490234375,36.19982147216797,6.8973517417907715,14.81852912902832,-5.531920433044434,18.29596519470215,-6.127413272857666,15.032657623291016,-4.7135419845581055,14.242609977722168,-10.259676933288574,8.945945739746094,-9.388657569885254,11.557682991027832
1X8mgsS7R6lcKLjDPeQWum,-86.89823150634766,106.61741638183594,-8.303509712219238,21.915830612182617,1.93802809715271,8.727293968200684,-0.8512747883796692,2.928460121154785,-5.7670745849609375,5.049193382263184,-9.566365242004395,8.879765510559082,-7.407710075378418,6.230620384216309,-9.787919044494629,2.409161329269409,-111.95679473876953,103.27233123779297,-4.130348205566406,21.377649307250977,1.4713969230651855,7.755401134490967,-0.29113122820854187,3.755218029022217,-5.61764669418335,4.612318515777588,-10.097784996032715,9.184505462646484,-7.445400714874268,6.298497676849365,-9.826910972595215,2.804891586303711
1xaBABHhVCk94lGVC92Yll,-74.83351135253906,102.10084533691406,-20.217266082763672,29.809080123901367,2.0966100692749023,3.887136697769165,-10.884363174438477,9.154326438903809,-6.352648735046387,13.26318359375,-9.121702194213867,4.874765396118164,-8.655877113342285,7.176271438598633,-3.0324959754943848,2.2794785499572754,-92.32979583740234,98.91859436035156,-18.952861785888672,27.677024841308594,3.015833854675293,3.9071879386901855,-10.534563064575195,8.671903610229492,-7.069006443023682,13.309566497802734,-9.109766960144043,4.834161758422852,-8.322210311889648,7.333630084991455,-3.210645914077759,1.6394684314727783
1xFliXOpcu7E89AsDAZ7JV,-83.34364318847656,93.27145385742188,12.888900756835938,40.43370056152344,2.4087772369384766,20.131511688232422,-12.318078994750977,16.444456100463867,-12.839418411254883,18.440011978149414,-10.20094108581543,7.918571949005127,-6.501173973083496,10.84738826751709,-10.36128044128418,7.622772693634033,-90.64012908935547,93.06742095947266,12.972957611083984,40.62434387207031,1.7484581470489502,19.058639526367188,-12.343643188476562,15.913163185119629,-13.361260414123535,19.085140228271484,-10.104413986206055,7.360804557800293,-6.627161026000977,10.889211654663086,-10.194822311401367,7.533770561218262
